{"(-6.2685949, 53.3549699)":{"(-6.2685949, 53.3549699)":0.0,"(-6.2579126, 53.3634197)":0.0,"(-6.257938, 53.3556449)":0.0,"(-6.2346778, 53.3372105)":0.0,"(-6.2761703, 53.3430669)":0.0,"(-6.239066, 53.3386958)":0.0,"(-6.2754655, 53.3436416)":0.0,"(-6.2578287, 53.3429228)":0.0,"(-6.2140739, 53.3536624)":0.0,"(-6.2405934, 53.3250308)":0.0,"(-6.2101402, 53.3603647)":0.0,"(-6.2586534, 53.3338354)":0.0,"(-6.2644261, 53.3326219)":0.0,"(-6.2618937, 53.3589854)":0.0,"(-6.251072, 53.3563817)":0.0,"(-6.2570976, 53.3575331)":0.0,"(-6.2465605, 53.3437805)":0.0,"(-6.2297551, 53.328635)":0.0,"(-6.2259659, 53.3512798)":0.0,"(-6.2752072, 53.3322379)":0.0},"(-6.2579126, 53.3634197)":{"(-6.2685949, 53.3549699)":0.0,"(-6.2579126, 53.3634197)":0.0,"(-6.257938, 53.3556449)":0.0,"(-6.2346778, 53.3372105)":0.0,"(-6.2761703, 53.3430669)":0.0,"(-6.239066, 53.3386958)":0.0,"(-6.2754655, 53.3436416)":0.0,"(-6.2578287, 53.3429228)":0.0,"(-6.2140739, 53.3536624)":0.0,"(-6.2405934, 53.3250308)":0.0,"(-6.2101402, 53.3603647)":0.0,"(-6.2586534, 53.3338354)":0.0,"(-6.2644261, 53.3326219)":0.0,"(-6.2618937, 53.3589854)":0.0,"(-6.251072, 53.3563817)":0.0,"(-6.2570976, 53.3575331)":0.0,"(-6.2465605, 53.3437805)":0.0,"(-6.2297551, 53.328635)":0.0,"(-6.2259659, 53.3512798)":0.0,"(-6.2752072, 53.3322379)":0.0},"(-6.257938, 53.3556449)":{"(-6.2685949, 53.3549699)":1024.374,"(-6.2579126, 53.3634197)":0.0,"(-6.257938, 53.3556449)":0.0,"(-6.2346778, 53.3372105)":0.0,"(-6.2761703, 53.3430669)":0.0,"(-6.239066, 53.3386958)":0.0,"(-6.2754655, 53.3436416)":0.0,"(-6.2578287, 53.3429228)":0.0,"(-6.2140739, 53.3536624)":0.0,"(-6.2405934, 53.3250308)":0.0,"(-6.2101402, 53.3603647)":0.0,"(-6.2586534, 53.3338354)":0.0,"(-6.2644261, 53.3326219)":0.0,"(-6.2618937, 53.3589854)":0.0,"(-6.251072, 53.3563817)":0.0,"(-6.2570976, 53.3575331)":0.0,"(-6.2465605, 53.3437805)":0.0,"(-6.2297551, 53.328635)":0.0,"(-6.2259659, 53.3512798)":0.0,"(-6.2752072, 53.3322379)":0.0},"(-6.2346778, 53.3372105)":{"(-6.2685949, 53.3549699)":0.0,"(-6.2579126, 53.3634197)":0.0,"(-6.257938, 53.3556449)":0.0,"(-6.2346778, 53.3372105)":0.0,"(-6.2761703, 53.3430669)":0.0,"(-6.239066, 53.3386958)":0.0,"(-6.2754655, 53.3436416)":0.0,"(-6.2578287, 53.3429228)":0.0,"(-6.2140739, 53.3536624)":0.0,"(-6.2405934, 53.3250308)":0.0,"(-6.2101402, 53.3603647)":0.0,"(-6.2586534, 53.3338354)":0.0,"(-6.2644261, 53.3326219)":0.0,"(-6.2618937, 53.3589854)":0.0,"(-6.251072, 53.3563817)":0.0,"(-6.2570976, 53.3575331)":0.0,"(-6.2465605, 53.3437805)":0.0,"(-6.2297551, 53.328635)":0.0,"(-6.2259659, 53.3512798)":0.0,"(-6.2752072, 53.3322379)":0.0},"(-6.2761703, 53.3430669)":{"(-6.2685949, 53.3549699)":0.0,"(-6.2579126, 53.3634197)":0.0,"(-6.257938, 53.3556449)":2441.642,"(-6.2346778, 53.3372105)":0.0,"(-6.2761703, 53.3430669)":0.0,"(-6.239066, 53.3386958)":0.0,"(-6.2754655, 53.3436416)":0.0,"(-6.2578287, 53.3429228)":0.0,"(-6.2140739, 53.3536624)":0.0,"(-6.2405934, 53.3250308)":0.0,"(-6.2101402, 53.3603647)":0.0,"(-6.2586534, 53.3338354)":0.0,"(-6.2644261, 53.3326219)":0.0,"(-6.2618937, 53.3589854)":0.0,"(-6.251072, 53.3563817)":0.0,"(-6.2570976, 53.3575331)":0.0,"(-6.2465605, 53.3437805)":0.0,"(-6.2297551, 53.328635)":0.0,"(-6.2259659, 53.3512798)":0.0,"(-6.2752072, 53.3322379)":0.0},"(-6.239066, 53.3386958)":{"(-6.2685949, 53.3549699)":0.0,"(-6.2579126, 53.3634197)":3589.268,"(-6.257938, 53.3556449)":0.0,"(-6.2346778, 53.3372105)":336.96,"(-6.2761703, 53.3430669)":0.0,"(-6.239066, 53.3386958)":0.0,"(-6.2754655, 53.3436416)":0.0,"(-6.2578287, 53.3429228)":0.0,"(-6.2140739, 53.3536624)":0.0,"(-6.2405934, 53.3250308)":0.0,"(-6.2101402, 53.3603647)":0.0,"(-6.2586534, 53.3338354)":0.0,"(-6.2644261, 53.3326219)":0.0,"(-6.2618937, 53.3589854)":0.0,"(-6.251072, 53.3563817)":0.0,"(-6.2570976, 53.3575331)":0.0,"(-6.2465605, 53.3437805)":0.0,"(-6.2297551, 53.328635)":0.0,"(-6.2259659, 53.3512798)":0.0,"(-6.2752072, 53.3322379)":0.0},"(-6.2754655, 53.3436416)":{"(-6.2685949, 53.3549699)":1698.763,"(-6.2579126, 53.3634197)":0.0,"(-6.257938, 53.3556449)":2383.94,"(-6.2346778, 53.3372105)":0.0,"(-6.2761703, 53.3430669)":198.858,"(-6.239066, 53.3386958)":0.0,"(-6.2754655, 53.3436416)":0.0,"(-6.2578287, 53.3429228)":0.0,"(-6.2140739, 53.3536624)":0.0,"(-6.2405934, 53.3250308)":0.0,"(-6.2101402, 53.3603647)":0.0,"(-6.2586534, 53.3338354)":0.0,"(-6.2644261, 53.3326219)":0.0,"(-6.2618937, 53.3589854)":0.0,"(-6.251072, 53.3563817)":0.0,"(-6.2570976, 53.3575331)":0.0,"(-6.2465605, 53.3437805)":0.0,"(-6.2297551, 53.328635)":0.0,"(-6.2259659, 53.3512798)":0.0,"(-6.2752072, 53.3322379)":0.0},"(-6.2578287, 53.3429228)":{"(-6.2685949, 53.3549699)":1878.097,"(-6.2579126, 53.3634197)":0.0,"(-6.257938, 53.3556449)":1800.413,"(-6.2346778, 53.3372105)":0.0,"(-6.2761703, 53.3430669)":1513.464,"(-6.239066, 53.3386958)":1442.093,"(-6.2754655, 53.3436416)":1455.762,"(-6.2578287, 53.3429228)":0.0,"(-6.2140739, 53.3536624)":0.0,"(-6.2405934, 53.3250308)":0.0,"(-6.2101402, 53.3603647)":0.0,"(-6.2586534, 53.3338354)":0.0,"(-6.2644261, 53.3326219)":0.0,"(-6.2618937, 53.3589854)":0.0,"(-6.251072, 53.3563817)":0.0,"(-6.2570976, 53.3575331)":0.0,"(-6.2465605, 53.3437805)":0.0,"(-6.2297551, 53.328635)":0.0,"(-6.2259659, 53.3512798)":0.0,"(-6.2752072, 53.3322379)":0.0},"(-6.2140739, 53.3536624)":{"(-6.2685949, 53.3549699)":0.0,"(-6.2579126, 53.3634197)":3504.355,"(-6.257938, 53.3556449)":0.0,"(-6.2346778, 53.3372105)":0.0,"(-6.2761703, 53.3430669)":0.0,"(-6.239066, 53.3386958)":0.0,"(-6.2754655, 53.3436416)":0.0,"(-6.2578287, 53.3429228)":0.0,"(-6.2140739, 53.3536624)":0.0,"(-6.2405934, 53.3250308)":0.0,"(-6.2101402, 53.3603647)":0.0,"(-6.2586534, 53.3338354)":0.0,"(-6.2644261, 53.3326219)":0.0,"(-6.2618937, 53.3589854)":0.0,"(-6.251072, 53.3563817)":0.0,"(-6.2570976, 53.3575331)":0.0,"(-6.2465605, 53.3437805)":0.0,"(-6.2297551, 53.328635)":0.0,"(-6.2259659, 53.3512798)":0.0,"(-6.2752072, 53.3322379)":0.0},"(-6.2405934, 53.3250308)":{"(-6.2685949, 53.3549699)":0.0,"(-6.2579126, 53.3634197)":0.0,"(-6.257938, 53.3556449)":0.0,"(-6.2346778, 53.3372105)":1695.583,"(-6.2761703, 53.3430669)":4622.272,"(-6.239066, 53.3386958)":2013.85,"(-6.2754655, 53.3436416)":0.0,"(-6.2578287, 53.3429228)":3150.709,"(-6.2140739, 53.3536624)":0.0,"(-6.2405934, 53.3250308)":0.0,"(-6.2101402, 53.3603647)":0.0,"(-6.2586534, 53.3338354)":0.0,"(-6.2644261, 53.3326219)":0.0,"(-6.2618937, 53.3589854)":0.0,"(-6.251072, 53.3563817)":0.0,"(-6.2570976, 53.3575331)":0.0,"(-6.2465605, 53.3437805)":0.0,"(-6.2297551, 53.328635)":0.0,"(-6.2259659, 53.3512798)":0.0,"(-6.2752072, 53.3322379)":0.0},"(-6.2101402, 53.3603647)":{"(-6.2685949, 53.3549699)":0.0,"(-6.2579126, 53.3634197)":3504.477,"(-6.257938, 53.3556449)":0.0,"(-6.2346778, 53.3372105)":0.0,"(-6.2761703, 53.3430669)":5849.376,"(-6.239066, 53.3386958)":5110.669,"(-6.2754655, 53.3436416)":5791.674,"(-6.2578287, 53.3429228)":4936.379,"(-6.2140739, 53.3536624)":3620.458,"(-6.2405934, 53.3250308)":0.0,"(-6.2101402, 53.3603647)":0.0,"(-6.2586534, 53.3338354)":0.0,"(-6.2644261, 53.3326219)":0.0,"(-6.2618937, 53.3589854)":0.0,"(-6.251072, 53.3563817)":0.0,"(-6.2570976, 53.3575331)":0.0,"(-6.2465605, 53.3437805)":0.0,"(-6.2297551, 53.328635)":0.0,"(-6.2259659, 53.3512798)":0.0,"(-6.2752072, 53.3322379)":0.0},"(-6.2586534, 53.3338354)":{"(-6.2685949, 53.3549699)":0.0,"(-6.2579126, 53.3634197)":0.0,"(-6.257938, 53.3556449)":0.0,"(-6.2346778, 53.3372105)":1899.257,"(-6.2761703, 53.3430669)":2000.723,"(-6.239066, 53.3386958)":1802.258,"(-6.2754655, 53.3436416)":2132.934,"(-6.2578287, 53.3429228)":1233.102,"(-6.2140739, 53.3536624)":0.0,"(-6.2405934, 53.3250308)":2884.348,"(-6.2101402, 53.3603647)":6010.999,"(-6.2586534, 53.3338354)":0.0,"(-6.2644261, 53.3326219)":0.0,"(-6.2618937, 53.3589854)":0.0,"(-6.251072, 53.3563817)":0.0,"(-6.2570976, 53.3575331)":0.0,"(-6.2465605, 53.3437805)":0.0,"(-6.2297551, 53.328635)":0.0,"(-6.2259659, 53.3512798)":0.0,"(-6.2752072, 53.3322379)":0.0},"(-6.2644261, 53.3326219)":{"(-6.2685949, 53.3549699)":3064.78,"(-6.2579126, 53.3634197)":0.0,