{"(-6.238135, 53.3361423)":{"(-6.238135, 53.3361423)":0.0,"(-6.2644261, 53.3326219)":0.0,"(-6.2732357, 53.3586828)":0.0,"(-6.2907191, 53.3339604)":0.0,"(-6.2421584, 53.3624208)":0.0,"(-6.2480798, 53.3453658)":0.0,"(-6.260569, 53.325012)":0.0,"(-6.226234, 53.3649229)":0.0,"(-6.2780168, 53.3398413)":0.0,"(-6.2717643, 53.3429541)":0.0},"(-6.2644261, 53.3326219)":{"(-6.238135, 53.3361423)":2043.261,"(-6.2644261, 53.3326219)":0.0,"(-6.2732357, 53.3586828)":0.0,"(-6.2907191, 53.3339604)":0.0,"(-6.2421584, 53.3624208)":0.0,"(-6.2480798, 53.3453658)":0.0,"(-6.260569, 53.325012)":0.0,"(-6.226234, 53.3649229)":0.0,"(-6.2780168, 53.3398413)":0.0,"(-6.2717643, 53.3429541)":0.0},"(-6.2732357, 53.3586828)":{"(-6.238135, 53.3361423)":4253.896,"(-6.2644261, 53.3326219)":3643.93,"(-6.2732357, 53.3586828)":0.0,"(-6.2907191, 53.3339604)":0.0,"(-6.2421584, 53.3624208)":0.0,"(-6.2480798, 53.3453658)":0.0,"(-6.260569, 53.325012)":0.0,"(-6.226234, 53.3649229)":0.0,"(-6.2780168, 53.3398413)":0.0,"(-6.2717643, 53.3429541)":0.0},"(-6.2907191, 53.3339604)":{"(-6.238135, 53.3361423)":3992.056,"(-6.2644261, 53.3326219)":1978.172,"(-6.2732357, 53.3586828)":3668.974,"(-6.2907191, 53.3339604)":0.0,"(-6.2421584, 53.3624208)":0.0,"(-6.2480798, 53.3453658)":0.0,"(-6.260569, 53.325012)":0.0,"(-6.226234, 53.3649229)":0.0,"(-6.2780168, 53.3398413)":0.0,"(-6.2717643, 53.3429541)":0.0},"(-6.2421584, 53.3624208)":{"(-6.238135, 53.3361423)":3588.092,"(-6.2644261, 53.3326219)":4520.629,"(-6.2732357, 53.3586828)":2633.998,"(-6.2907191, 53.3339604)":0.0,"(-6.2421584, 53.3624208)":0.0,"(-6.2480798, 53.3453658)":0.0,"(-6.260569, 53.325012)":0.0,"(-6.226234, 53.3649229)":0.0,"(-6.2780168, 53.3398413)":0.0,"(-6.2717643, 53.3429541)":0.0},"(-6.2480798, 53.3453658)":{"(-6.238135, 53.3361423)":1421.589,"(-6.2644261, 53.3326219)":2319.442,"(-6.2732357, 53.3586828)":2910.143,"(-6.2907191, 53.3339604)":0.0,"(-6.2421584, 53.3624208)":2459.2,"(-6.2480798, 53.3453658)":0.0,"(-6.260569, 53.325012)":0.0,"(-6.226234, 53.3649229)":0.0,"(-6.2780168, 53.3398413)":0.0,"(-6.2717643, 53.3429541)":0.0},"(-6.260569, 53.325012)":{"(-6.238135, 53.3361423)":2407.739,"(-6.2644261, 53.3326219)":948.234,"(-6.2732357, 53.3586828)":0.0,"(-6.2907191, 53.3339604)":2755.365,"(-6.2421584, 53.3624208)":0.0,"(-6.2480798, 53.3453658)":3072.243,"(-6.260569, 53.325012)":0.0,"(-6.226234, 53.3649229)":0.0,"(-6.2780168, 53.3398413)":0.0,"(-6.2717643, 53.3429541)":0.0},"(-6.226234, 53.3649229)":{"(-6.238135, 53.3361423)":4373.77,"(-6.2644261, 53.3326219)":5339.661,"(-6.2732357, 53.3586828)":0.0,"(-6.2907191, 53.3339604)":0.0,"(-6.2421584, 53.3624208)":1223.39,"(-6.2480798, 53.3453658)":3264.25,"(-6.260569, 53.325012)":0.0,"(-6.226234, 53.3649229)":0.0,"(-6.2780168, 53.3398413)":0.0,"(-6.2717643, 53.3429541)":0.0},"(-6.2780168, 53.3398413)":{"(-6.238135, 53.3361423)":3213.173,"(-6.2644261, 53.3326219)":1546.912,"(-6.2732357, 53.3586828)":2741.177,"(-6.2907191, 53.3339604)":1196.154,"(-6.2421584, 53.3624208)":0.0,"(-6.2480798, 53.3453658)":0.0,"(-6.260569, 53.325012)":0.0,"(-6.226234, 53.3649229)":0.0,"(-6.2780168, 53.3398413)":0.0,"(-6.2717643, 53.3429541)":0.0},"(-6.2717643, 53.3429541)":{"(-6.238135, 53.3361423)":2723.54,"(-6.2644261, 53.3326219)":1586.152,"(-6.2732357, 53.3586828)":2184.044,"(-6.2907191, 53.3339604)":1883.664,"(-6.2421584, 53.3624208)":3316.314,"(-6.2480798, 53.3453658)":1717.695,"(-6.260569, 53.325012)":0.0,"(-6.226234, 53.3649229)":4407.114,"(-6.2780168, 53.3398413)":801.686,"(-6.2717643, 53.3429541)":0.0}}